[{"id":"user-image-image.png","publicUrl":"np://user.desktop.nicepage.com/Site_957210356/images/image.png","size":1898,"fileName":"image.png","name":"image","width":128,"height":128,"thumbnail":{"url":"np://user.desktop.nicepage.com/Site_957210356/images/thumbnails/image.png","width":128,"height":128,"length":1898,"type":"png"}},{"id":"user-image-idle180_scaled_31x_pngcrushed.png","publicUrl":"np://user.desktop.nicepage.com/Site_957210356/images/idle180_scaled_31x_pngcrushed.png","size":5609,"fileName":"idle180_scaled_31x_pngcrushed.png","name":"idle180_scaled_31x_pngcrushed","width":868,"height":992,"thumbnail":{"url":"np://user.desktop.nicepage.com/Site_957210356/images/thumbnails/idle180_scaled_31x_pngcrushed.png","width":219,"height":250}},{"id":"user-image-milad-fakurian-wNsHBf_bTBo-unsplash.jpg","publicUrl":"np://user.desktop.nicepage.com/Site_957210356/images/milad-fakurian-wNsHBf_bTBo-unsplash.jpg","size":616283,"fileName":"milad-fakurian-wNsHBf_bTBo-unsplash.jpg","name":"milad-fakurian-wNsHBf_bTBo-unsplash","width":3000,"height":2000,"thumbnail":{"url":"np://user.desktop.nicepage.com/Site_957210356/images/thumbnails/milad-fakurian-wNsHBf_bTBo-unsplash.jpg","width":250,"height":167}},{"id":"user-image-Vstiek.PNG","publicUrl":"np://user.desktop.nicepage.com/Site_957210356/images/Vstiek.PNG","size":116039,"fileName":"Vstiek.PNG","name":"Vstiek","width":2560,"height":1392,"thumbnail":{"url":"np://user.desktop.nicepage.com/Site_957210356/images/thumbnails/Vstiek.PNG","width":250,"height":136}},{"id":"user-image-ezgif.com-gif-maker.gif","publicUrl":"np://user.desktop.nicepage.com/Site_957210356/images/ezgif.com-gif-maker.gif","size":211068,"fileName":"ezgif.com-gif-maker.gif","name":"ezgif.com-gif-maker","width":1200,"height":675,"thumbnail":{"url":"np://user.desktop.nicepage.com/Site_957210356/images/ezgif.com-gif-maker.gif","width":250,"height":141}},{"id":"user-image-Beznzvu1.png","publicUrl":"np://user.desktop.nicepage.com/Site_957210356/images/Beznzvu1.png","size":449078,"fileName":"Beznzvu1.png","name":"Beznzvu1","width":2559,"height":1501,"thumbnail":{"url":"np://user.desktop.nicepage.com/Site_957210356/images/thumbnails/Beznzvu1.png","width":250,"height":147}},{"id":"user-image-Beznzvu2.png","publicUrl":"np://user.desktop.nicepage.com/Site_957210356/images/Beznzvu2.png","size":92258,"fileName":"Beznzvu2.png","name":"Beznzvu2","width":2266,"height":1312,"thumbnail":{"url":"np://user.desktop.nicepage.com/Site_957210356/images/thumbnails/Beznzvu2.png","width":250,"height":145}}]